{
  "columns": [
    "iteration",
    "rc",
    "elapsed_s",
    "query_index",
    "dataset",
    "method",
    "method_params"
  ],
  "data": [
    [
      0,
      2.7184453,
      6.820425033569336,
      4896752,
      "/mnt/hddhelp/workgen_data/deep1b-96-100m.bin",
      "sgd",
      "{\"learning_rate\": 10, \"max_steps\": 200, \"seed\": 1234}"
    ],
    [
      1,
      1.0477843,
      12.703303813934326,
      4896752,
      "/mnt/hddhelp/workgen_data/deep1b-96-100m.bin",
      "sgd",
      "{\"learning_rate\": 10, \"max_steps\": 200, \"seed\": 1234}"
    ],
    [
      0,
      2.244948,
      5.568302154541016,
      4883497,
      "/mnt/hddhelp/workgen_data/deep1b-96-100m.bin",
      "sgd",
      "{\"learning_rate\": 10, \"max_steps\": 200, \"seed\": 1234}"
    ],
    [
      1,
      1.044076,
      10.53990364074707,
      4883497,
      "/mnt/hddhelp/workgen_data/deep1b-96-100m.bin",
      "sgd",
      "{\"learning_rate\": 10, \"max_steps\": 200, \"seed\": 1234}"
    ],
    [
      0,
      1.6574755,
      5.405020475387573,
      4939701,
      "/mnt/hddhelp/workgen_data/deep1b-96-100m.bin",
      "sgd",
      "{\"learning_rate\": 10, \"max_steps\": 200, \"seed\": 1234}"
    ],
    [
      1,
      1.0426985,
      10.729257106781006,
      4939701,
      "/mnt/hddhelp/workgen_data/deep1b-96-100m.bin",
      "sgd",
      "{\"learning_rate\": 10, \"max_steps\": 200, \"seed\": 1234}"
    ],
    [
      0,
      2.0134344,
      5.568137884140015,
      1900978,
      "/mnt/hddhelp/workgen_data/deep1b-96-100m.bin",
      "sgd",
      "{\"learning_rate\": 10, \"max_steps\": 200, \"seed\": 1234}"
    ],
    [
      1,
      1.0434196,
      11.280956029891968,
      1900978,
      "/mnt/hddhelp/workgen_data/deep1b-96-100m.bin",
      "sgd",
      "{\"learning_rate\": 10, \"max_steps\": 200, \"seed\": 1234}"
    ],
    [
      0,
      1.6676618,
      5.436358451843262,
      856798,
      "/mnt/hddhelp/workgen_data/deep1b-96-100m.bin",
      "sgd",
      "{\"learning_rate\": 10, \"max_steps\": 200, \"seed\": 1234}"
    ],
    [
      1,
      1.051604,
      10.716736555099487,
      856798,
      "/mnt/hddhelp/workgen_data/deep1b-96-100m.bin",
      "sgd",
      "{\"learning_rate\": 10, \"max_steps\": 200, \"seed\": 1234}"
    ],
    [
      0,
      3.8960376,
      5.579098463058472,
      4616230,
      "/mnt/hddhelp/workgen_data/deep1b-96-100m.bin",
      "sgd",
      "{\"learning_rate\": 10, \"max_steps\": 200, \"seed\": 1234}"
    ],
    [
      1,
      1.0450989,
      11.247683763504028,
      4616230,
      "/mnt/hddhelp/workgen_data/deep1b-96-100m.bin",
      "sgd",
      "{\"learning_rate\": 10, \"max_steps\": 200, \"seed\": 1234}"
    ],
    [
      0,
      1.6794976,
      5.090022325515747,
      524463,
      "/mnt/hddhelp/workgen_data/deep1b-96-100m.bin",
      "sgd",
      "{\"learning_rate\": 10, \"max_steps\": 200, \"seed\": 1234}"
    ],
    [
      1,
      1.040144,
      10.533140659332275,
      524463,
      "/mnt/hddhelp/workgen_data/deep1b-96-100m.bin",
      "sgd",
      "{\"learning_rate\": 10, \"max_steps\": 200, \"seed\": 1234}"
    ],
    [
      0,
      1.7221358,
      5.565773010253906,
      1308461,
      "/mnt/hddhelp/workgen_data/deep1b-96-100m.bin",
      "sgd",
      "{\"learning_rate\": 10, \"max_steps\": 200, \"seed\": 1234}"
    ],
    [
      1,
      1.055518,
      10.99392032623291,
      1308461,
      "/mnt/hddhelp/workgen_data/deep1b-96-100m.bin",
      "sgd",
      "{\"learning_rate\": 10, \"max_steps\": 200, \"seed\": 1234}"
    ],
    [
      0,
      2.4325528,
      5.249016046524048,
      693902,
      "/mnt/hddhelp/workgen_data/deep1b-96-100m.bin",
      "sgd",
      "{\"learning_rate\": 10, \"max_steps\": 200, \"seed\": 1234}"
    ],
    [
      1,
      1.0468761,
      11.590448379516602,
      693902,
      "/mnt/hddhelp/workgen_data/deep1b-96-100m.bin",
      "sgd",
      "{\"learning_rate\": 10, \"max_steps\": 200, \"seed\": 1234}"
    ],
    [
      0,
      1.7023231,
      5.391935586929321,
      1595484,
      "/mnt/hddhelp/workgen_data/deep1b-96-100m.bin",
      "sgd",
      "{\"learning_rate\": 10, \"max_steps\": 200, \"seed\": 1234}"
    ],
    [
      1,
      1.0498651,
      11.029186487197876,
      1595484,
      "/mnt/hddhelp/workgen_data/deep1b-96-100m.bin",
      "sgd",
      "{\"learning_rate\": 10, \"max_steps\": 200, \"seed\": 1234}"
    ]
  ]
}